[{"model": "auth.permission", "pk": 1, "fields": {"name": "Can add log entry", "content_type": 1, "codename": "add_logentry"}}, {"model": "auth.permission", "pk": 2, "fields": {"name": "Can change log entry", "content_type": 1, "codename": "change_logentry"}}, {"model": "auth.permission", "pk": 3, "fields": {"name": "Can delete log entry", "content_type": 1, "codename": "delete_logentry"}}, {"model": "auth.permission", "pk": 4, "fields": {"name": "Can view log entry", "content_type": 1, "codename": "view_logentry"}}, {"model": "auth.permission", "pk": 5, "fields": {"name": "Can add site", "content_type": 2, "codename": "add_site"}}, {"model": "auth.permission", "pk": 6, "fields": {"name": "Can change site", "content_type": 2, "codename": "change_site"}}, {"model": "auth.permission", "pk": 7, "fields": {"name": "Can delete site", "content_type": 2, "codename": "delete_site"}}, {"model": "auth.permission", "pk": 8, "fields": {"name": "Can view site", "content_type": 2, "codename": "view_site"}}, {"model": "auth.permission", "pk": 9, "fields": {"name": "Can add permission", "content_type": 3, "codename": "add_permission"}}, {"model": "auth.permission", "pk": 10, "fields": {"name": "Can change permission", "content_type": 3, "codename": "change_permission"}}, {"model": "auth.permission", "pk": 11, "fields": {"name": "Can delete permission", "content_type": 3, "codename": "delete_permission"}}, {"model": "auth.permission", "pk": 12, "fields": {"name": "Can view permission", "content_type": 3, "codename": "view_permission"}}, {"model": "auth.permission", "pk": 13, "fields": {"name": "Can add group", "content_type": 4, "codename": "add_group"}}, {"model": "auth.permission", "pk": 14, "fields": {"name": "Can change group", "content_type": 4, "codename": "change_group"}}, {"model": "auth.permission", "pk": 15, "fields": {"name": "Can delete group", "content_type": 4, "codename": "delete_group"}}, {"model": "auth.permission", "pk": 16, "fields": {"name": "Can view group", "content_type": 4, "codename": "view_group"}}, {"model": "auth.permission", "pk": 17, "fields": {"name": "Can add content type", "content_type": 5, "codename": "add_contenttype"}}, {"model": "auth.permission", "pk": 18, "fields": {"name": "Can change content type", "content_type": 5, "codename": "change_contenttype"}}, {"model": "auth.permission", "pk": 19, "fields": {"name": "Can delete content type", "content_type": 5, "codename": "delete_contenttype"}}, {"model": "auth.permission", "pk": 20, "fields": {"name": "Can view content type", "content_type": 5, "codename": "view_contenttype"}}, {"model": "auth.permission", "pk": 21, "fields": {"name": "Can add session", "content_type": 6, "codename": "add_session"}}, {"model": "auth.permission", "pk": 22, "fields": {"name": "Can change session", "content_type": 6, "codename": "change_session"}}, {"model": "auth.permission", "pk": 23, "fields": {"name": "Can delete session", "content_type": 6, "codename": "delete_session"}}, {"model": "auth.permission", "pk": 24, "fields": {"name": "Can view session", "content_type": 6, "codename": "view_session"}}, {"model": "auth.permission", "pk": 25, "fields": {"name": "Can add Token", "content_type": 7, "codename": "add_token"}}, {"model": "auth.permission", "pk": 26, "fields": {"name": "Can change Token", "content_type": 7, "codename": "change_token"}}, {"model": "auth.permission", "pk": 27, "fields": {"name": "Can delete Token", "content_type": 7, "codename": "delete_token"}}, {"model": "auth.permission", "pk": 28, "fields": {"name": "Can view Token", "content_type": 7, "codename": "view_token"}}, {"model": "auth.permission", "pk": 29, "fields": {"name": "Can add token", "content_type": 8, "codename": "add_tokenproxy"}}, {"model": "auth.permission", "pk": 30, "fields": {"name": "Can change token", "content_type": 8, "codename": "change_tokenproxy"}}, {"model": "auth.permission", "pk": 31, "fields": {"name": "Can delete token", "content_type": 8, "codename": "delete_tokenproxy"}}, {"model": "auth.permission", "pk": 32, "fields": {"name": "Can view token", "content_type": 8, "codename": "view_tokenproxy"}}, {"model": "auth.permission", "pk": 33, "fields": {"name": "Can add country", "content_type": 9, "codename": "add_country"}}, {"model": "auth.permission", "pk": 34, "fields": {"name": "Can change country", "content_type": 9, "codename": "change_country"}}, {"model": "auth.permission", "pk": 35, "fields": {"name": "Can delete country", "content_type": 9, "codename": "delete_country"}}, {"model": "auth.permission", "pk": 36, "fields": {"name": "Can view country", "content_type": 9, "codename": "view_country"}}, {"model": "auth.permission", "pk": 37, "fields": {"name": "Can add place", "content_type": 10, "codename": "add_place"}}, {"model": "auth.permission", "pk": 38, "fields": {"name": "Can change place", "content_type": 10, "codename": "change_place"}}, {"model": "auth.permission", "pk": 39, "fields": {"name": "Can delete place", "content_type": 10, "codename": "delete_place"}}, {"model": "auth.permission", "pk": 40, "fields": {"name": "Can view place", "content_type": 10, "codename": "view_place"}}, {"model": "auth.permission", "pk": 41, "fields": {"name": "Can add state", "content_type": 11, "codename": "add_state"}}, {"model": "auth.permission", "pk": 42, "fields": {"name": "Can change state", "content_type": 11, "codename": "change_state"}}, {"model": "auth.permission", "pk": 43, "fields": {"name": "Can delete state", "content_type": 11, "codename": "delete_state"}}, {"model": "auth.permission", "pk": 44, "fields": {"name": "Can view state", "content_type": 11, "codename": "view_state"}}, {"model": "auth.permission", "pk": 45, "fields": {"name": "Can add city", "content_type": 12, "codename": "add_city"}}, {"model": "auth.permission", "pk": 46, "fields": {"name": "Can change city", "content_type": 12, "codename": "change_city"}}, {"model": "auth.permission", "pk": 47, "fields": {"name": "Can delete city", "content_type": 12, "codename": "delete_city"}}, {"model": "auth.permission", "pk": 48, "fields": {"name": "Can view city", "content_type": 12, "codename": "view_city"}}, {"model": "auth.permission", "pk": 49, "fields": {"name": "Can add budget", "content_type": 13, "codename": "add_budget"}}, {"model": "auth.permission", "pk": 50, "fields": {"name": "Can change budget", "content_type": 13, "codename": "change_budget"}}, {"model": "auth.permission", "pk": 51, "fields": {"name": "Can delete budget", "content_type": 13, "codename": "delete_budget"}}, {"model": "auth.permission", "pk": 52, "fields": {"name": "Can view budget", "content_type": 13, "codename": "view_budget"}}, {"model": "auth.permission", "pk": 53, "fields": {"name": "Can add cost", "content_type": 14, "codename": "add_cost"}}, {"model": "auth.permission", "pk": 54, "fields": {"name": "Can change cost", "content_type": 14, "codename": "change_cost"}}, {"model": "auth.permission", "pk": 55, "fields": {"name": "Can delete cost", "content_type": 14, "codename": "delete_cost"}}, {"model": "auth.permission", "pk": 56, "fields": {"name": "Can view cost", "content_type": 14, "codename": "view_cost"}}, {"model": "auth.permission", "pk": 57, "fields": {"name": "Can add file", "content_type": 15, "codename": "add_file"}}, {"model": "auth.permission", "pk": 58, "fields": {"name": "Can change file", "content_type": 15, "codename": "change_file"}}, {"model": "auth.permission", "pk": 59, "fields": {"name": "Can delete file", "content_type": 15, "codename": "delete_file"}}, {"model": "auth.permission", "pk": 60, "fields": {"name": "Can view file", "content_type": 15, "codename": "view_file"}}, {"model": "auth.permission", "pk": 61, "fields": {"name": "Can add offer", "content_type": 16, "codename": "add_offer"}}, {"model": "auth.permission", "pk": 62, "fields": {"name": "Can change offer", "content_type": 16, "codename": "change_offer"}}, {"model": "auth.permission", "pk": 63, "fields": {"name": "Can delete offer", "content_type": 16, "codename": "delete_offer"}}, {"model": "auth.permission", "pk": 64, "fields": {"name": "Can view offer", "content_type": 16, "codename": "view_offer"}}, {"model": "auth.permission", "pk": 65, "fields": {"name": "Can add project", "content_type": 17, "codename": "add_project"}}, {"model": "auth.permission", "pk": 66, "fields": {"name": "Can change project", "content_type": 17, "codename": "change_project"}}, {"model": "auth.permission", "pk": 67, "fields": {"name": "Can delete project", "content_type": 17, "codename": "delete_project"}}, {"model": "auth.permission", "pk": 68, "fields": {"name": "Can view project", "content_type": 17, "codename": "view_project"}}, {"model": "auth.permission", "pk": 69, "fields": {"name": "Can add offer step", "content_type": 18, "codename": "add_offerstep"}}, {"model": "auth.permission", "pk": 70, "fields": {"name": "Can change offer step", "content_type": 18, "codename": "change_offerstep"}}, {"model": "auth.permission", "pk": 71, "fields": {"name": "Can delete offer step", "content_type": 18, "codename": "delete_offerstep"}}, {"model": "auth.permission", "pk": 72, "fields": {"name": "Can view offer step", "content_type": 18, "codename": "view_offerstep"}}, {"model": "auth.permission", "pk": 73, "fields": {"name": "Can add bank", "content_type": 19, "codename": "add_bank"}}, {"model": "auth.permission", "pk": 74, "fields": {"name": "Can change bank", "content_type": 19, "codename": "change_bank"}}, {"model": "auth.permission", "pk": 75, "fields": {"name": "Can delete bank", "content_type": 19, "codename": "delete_bank"}}, {"model": "auth.permission", "pk": 76, "fields": {"name": "Can view bank", "content_type": 19, "codename": "view_bank"}}, {"model": "auth.permission", "pk": 77, "fields": {"name": "Can add category", "content_type": 20, "codename": "add_category"}}, {"model": "auth.permission", "pk": 78, "fields": {"name": "Can change category", "content_type": 20, "codename": "change_category"}}, {"model": "auth.permission", "pk": 79, "fields": {"name": "Can delete category", "content_type": 20, "codename": "delete_category"}}, {"model": "auth.permission", "pk": 80, "fields": {"name": "Can view category", "content_type": 20, "codename": "view_category"}}, {"model": "auth.permission", "pk": 81, "fields": {"name": "Can add complain type", "content_type": 21, "codename": "add_complaintype"}}, {"model": "auth.permission", "pk": 82, "fields": {"name": "Can change complain type", "content_type": 21, "codename": "change_complaintype"}}, {"model": "auth.permission", "pk": 83, "fields": {"name": "Can delete complain type", "content_type": 21, "codename": "delete_complaintype"}}, {"model": "auth.permission", "pk": 84, "fields": {"name": "Can view complain type", "content_type": 21, "codename": "view_complaintype"}}, {"model": "auth.permission", "pk": 85, "fields": {"name": "Can add currency", "content_type": 22, "codename": "add_currency"}}, {"model": "auth.permission", "pk": 86, "fields": {"name": "Can change currency", "content_type": 22, "codename": "change_currency"}}, {"model": "auth.permission", "pk": 87, "fields": {"name": "Can delete currency", "content_type": 22, "codename": "delete_currency"}}, {"model": "auth.permission", "pk": 88, "fields": {"name": "Can view currency", "content_type": 22, "codename": "view_currency"}}, {"model": "auth.permission", "pk": 89, "fields": {"name": "Can add degree", "content_type": 23, "codename": "add_degree"}}, {"model": "auth.permission", "pk": 90, "fields": {"name": "Can change degree", "content_type": 23, "codename": "change_degree"}}, {"model": "auth.permission", "pk": 91, "fields": {"name": "Can delete degree", "content_type": 23, "codename": "delete_degree"}}, {"model": "auth.permission", "pk": 92, "fields": {"name": "Can view degree", "content_type": 23, "codename": "view_degree"}}, {"model": "auth.permission", "pk": 93, "fields": {"name": "Can add estimate", "content_type": 24, "codename": "add_estimate"}}, {"model": "auth.permission", "pk": 94, "fields": {"name": "Can change estimate", "content_type": 24, "codename": "change_estimate"}}, {"model": "auth.permission", "pk": 95, "fields": {"name": "Can delete estimate", "content_type": 24, "codename": "delete_estimate"}}, {"model": "auth.permission", "pk": 96, "fields": {"name": "Can view estimate", "content_type": 24, "codename": "view_estimate"}}, {"model": "auth.permission", "pk": 97, "fields": {"name": "Can add language", "content_type": 25, "codename": "add_language"}}, {"model": "auth.permission", "pk": 98, "fields": {"name": "Can change language", "content_type": 25, "codename": "change_language"}}, {"model": "auth.permission", "pk": 99, "fields": {"name": "Can delete language", "content_type": 25, "codename": "delete_language"}}, {"model": "auth.permission", "pk": 100, "fields": {"name": "Can view language", "content_type": 25, "codename": "view_language"}}, {"model": "auth.permission", "pk": 101, "fields": {"name": "Can add level", "content_type": 26, "codename": "add_level"}}, {"model": "auth.permission", "pk": 102, "fields": {"name": "Can change level", "content_type": 26, "codename": "change_level"}}, {"model": "auth.permission", "pk": 103, "fields": {"name": "Can delete level", "content_type": 26, "codename": "delete_level"}}, {"model": "auth.permission", "pk": 104, "fields": {"name": "Can view level", "content_type": 26, "codename": "view_level"}}, {"model": "auth.permission", "pk": 105, "fields": {"name": "Can add profile type", "content_type": 27, "codename": "add_profiletype"}}, {"model": "auth.permission", "pk": 106, "fields": {"name": "Can change profile type", "content_type": 27, "codename": "change_profiletype"}}, {"model": "auth.permission", "pk": 107, "fields": {"name": "Can delete profile type", "content_type": 27, "codename": "delete_profiletype"}}, {"model": "auth.permission", "pk": 108, "fields": {"name": "Can view profile type", "content_type": 27, "codename": "view_profiletype"}}, {"model": "auth.permission", "pk": 109, "fields": {"name": "Can add status", "content_type": 28, "codename": "add_status"}}, {"model": "auth.permission", "pk": 110, "fields": {"name": "Can change status", "content_type": 28, "codename": "change_status"}}, {"model": "auth.permission", "pk": 111, "fields": {"name": "Can delete status", "content_type": 28, "codename": "delete_status"}}, {"model": "auth.permission", "pk": 112, "fields": {"name": "Can view status", "content_type": 28, "codename": "view_status"}}, {"model": "auth.permission", "pk": 113, "fields": {"name": "Can add view status", "content_type": 29, "codename": "add_viewstatus"}}, {"model": "auth.permission", "pk": 114, "fields": {"name": "Can change view status", "content_type": 29, "codename": "change_viewstatus"}}, {"model": "auth.permission", "pk": 115, "fields": {"name": "Can delete view status", "content_type": 29, "codename": "delete_viewstatus"}}, {"model": "auth.permission", "pk": 116, "fields": {"name": "Can view view status", "content_type": 29, "codename": "view_viewstatus"}}, {"model": "auth.permission", "pk": 117, "fields": {"name": "Can add skill", "content_type": 30, "codename": "add_skill"}}, {"model": "auth.permission", "pk": 118, "fields": {"name": "Can change skill", "content_type": 30, "codename": "change_skill"}}, {"model": "auth.permission", "pk": 119, "fields": {"name": "Can delete skill", "content_type": 30, "codename": "delete_skill"}}, {"model": "auth.permission", "pk": 120, "fields": {"name": "Can view skill", "content_type": 30, "codename": "view_skill"}}, {"model": "auth.permission", "pk": 121, "fields": {"name": "Can add complain", "content_type": 31, "codename": "add_complain"}}, {"model": "auth.permission", "pk": 122, "fields": {"name": "Can change complain", "content_type": 31, "codename": "change_complain"}}, {"model": "auth.permission", "pk": 123, "fields": {"name": "Can delete complain", "content_type": 31, "codename": "delete_complain"}}, {"model": "auth.permission", "pk": 124, "fields": {"name": "Can view complain", "content_type": 31, "codename": "view_complain"}}, {"model": "auth.permission", "pk": 125, "fields": {"name": "Can add result complain", "content_type": 32, "codename": "add_resultcomplain"}}, {"model": "auth.permission", "pk": 126, "fields": {"name": "Can change result complain", "content_type": 32, "codename": "change_resultcomplain"}}, {"model": "auth.permission", "pk": 127, "fields": {"name": "Can delete result complain", "content_type": 32, "codename": "delete_resultcomplain"}}, {"model": "auth.permission", "pk": 128, "fields": {"name": "Can view result complain", "content_type": 32, "codename": "view_resultcomplain"}}, {"model": "auth.permission", "pk": 129, "fields": {"name": "Can add wallet", "content_type": 33, "codename": "add_wallet"}}, {"model": "auth.permission", "pk": 130, "fields": {"name": "Can change wallet", "content_type": 33, "codename": "change_wallet"}}, {"model": "auth.permission", "pk": 131, "fields": {"name": "Can delete wallet", "content_type": 33, "codename": "delete_wallet"}}, {"model": "auth.permission", "pk": 132, "fields": {"name": "Can view wallet", "content_type": 33, "codename": "view_wallet"}}, {"model": "auth.permission", "pk": 133, "fields": {"name": "Can add transaction", "content_type": 34, "codename": "add_transaction"}}, {"model": "auth.permission", "pk": 134, "fields": {"name": "Can change transaction", "content_type": 34, "codename": "change_transaction"}}, {"model": "auth.permission", "pk": 135, "fields": {"name": "Can delete transaction", "content_type": 34, "codename": "delete_transaction"}}, {"model": "auth.permission", "pk": 136, "fields": {"name": "Can view transaction", "content_type": 34, "codename": "view_transaction"}}, {"model": "auth.permission", "pk": 137, "fields": {"name": "Can add card transfer", "content_type": 35, "codename": "add_cardtransfer"}}, {"model": "auth.permission", "pk": 138, "fields": {"name": "Can change card transfer", "content_type": 35, "codename": "change_cardtransfer"}}, {"model": "auth.permission", "pk": 139, "fields": {"name": "Can delete card transfer", "content_type": 35, "codename": "delete_cardtransfer"}}, {"model": "auth.permission", "pk": 140, "fields": {"name": "Can view card transfer", "content_type": 35, "codename": "view_cardtransfer"}}, {"model": "auth.permission", "pk": 141, "fields": {"name": "Can add message", "content_type": 36, "codename": "add_message"}}, {"model": "auth.permission", "pk": 142, "fields": {"name": "Can change message", "content_type": 36, "codename": "change_message"}}, {"model": "auth.permission", "pk": 143, "fields": {"name": "Can delete message", "content_type": 36, "codename": "delete_message"}}, {"model": "auth.permission", "pk": 144, "fields": {"name": "Can view message", "content_type": 36, "codename": "view_message"}}, {"model": "auth.permission", "pk": 145, "fields": {"name": "Can add room", "content_type": 37, "codename": "add_room"}}, {"model": "auth.permission", "pk": 146, "fields": {"name": "Can change room", "content_type": 37, "codename": "change_room"}}, {"model": "auth.permission", "pk": 147, "fields": {"name": "Can delete room", "content_type": 37, "codename": "delete_room"}}, {"model": "auth.permission", "pk": 148, "fields": {"name": "Can view room", "content_type": 37, "codename": "view_room"}}, {"model": "auth.permission", "pk": 149, "fields": {"name": "Can add participate", "content_type": 38, "codename": "add_participate"}}, {"model": "auth.permission", "pk": 150, "fields": {"name": "Can change participate", "content_type": 38, "codename": "change_participate"}}, {"model": "auth.permission", "pk": 151, "fields": {"name": "Can delete participate", "content_type": 38, "codename": "delete_participate"}}, {"model": "auth.permission", "pk": 152, "fields": {"name": "Can view participate", "content_type": 38, "codename": "view_participate"}}, {"model": "user.user", "pk": "02a5b382-bf1b-43db-bf2b-86e0b4c63d90", "fields": {"password": "pbkdf2_sha256$390000$WyxZbQzDDy70WAbNmtfFtQ$kWpwQ12gTj4uwRSFPRs9ic49wx2HefjpRKX03mDwY50=", "last_login": null, "is_superuser": false, "username": "989120000014", "first_name": "", "last_name": "", "email": "", "is_staff": false, "is_active": true, "date_joined": "2023-05-21T14:00:33.176Z", "mobile": "989120000014", "groups": [], "user_permissions": []}}, {"model": "user.user", "pk": "03d161a8-fd92-4a98-921e-d93a0587d938", "fields": {"password": "pbkdf2_sha256$390000$iHmgGFiYW6L45rm2mHDUmn$iN9nAmWHa/kZspgm0EtnwQjFKZB/MReD52cu7zgXShk=", "last_login": null, "is_superuser": false, "username": "989120000002", "first_name": "", "last_name": "", "email": "", "is_staff": false, "is_active": true, "date_joined": "2023-05-21T13:58:30.501Z", "mobile": "989120000002", "groups": [], "user_permissions": []}}, {"model": "user.user", "pk": "1e04580b-e9f9-4e34-b832-af38bbce595c", "fields": {"password": "pbkdf2_sha256$390000$XXlzOZ0CGjuItwQLPzj4pH$8kjbuzPz2AWBp3yF1e3DdX02++euXY3jzGiJPfP25Qc=", "last_login": null, "is_superuser": false, "username": "989120000005", "first_name": "", "last_name": "", "email": "", "is_staff": false, "is_active": true, "date_joined": "2023-05-21T13:58:50.800Z", "mobile": "989120000005", "groups": [], "user_permissions": []}}, {"model": "user.user", "pk": "29e26575-309d-4fbd-bd5d-6bfdd703cc90", "fields": {"password": "pbkdf2_sha256$390000$R2dHpgERDgvs2OsjxXzKQ6$zWbdg/ft0fAsmlKX/jeq2e5YttSYmB+E/ZtHYtkrsWg=", "last_login": null, "is_superuser": false, "username": "989120000010", "first_name": "", "last_name": "", "email": "", "is_staff": false, "is_active": true, "date_joined": "2023-05-21T14:00:06.455Z", "mobile": "989120000010", "groups": [], "user_permissions": []}}, {"model": "user.user", "pk": "2b07a9cf-1c1a-4e8d-8c7d-a4107fb81f6e", "fields": {"password": "pbkdf2_sha256$390000$a2fp9XUzbffiRakBjeSdBS$Wj1XlfTX/PAeiWyAhI7Hdvdq67w/kHk3YpefK/UvMVk=", "last_login": null, "is_superuser": false, "username": "989120000006", "first_name": "", "last_name": "", "email": "", "is_staff": false, "is_active": true, "date_joined": "2023-05-21T13:59:39.642Z", "mobile": "989120000006", "groups": [], "user_permissions": []}}, {"model": "user.user", "pk": "343a78c5-8bda-4701-b2b6-e71ba6df7151", "fields": {"password": "pbkdf2_sha256$390000$I0ravLNDlZpH2EoLfGmy1I$08zFKp6KzQOgr8xLH54Hc++yXX4N71eOfkWPMJ0unfk=", "last_login": null, "is_superuser": false, "username": "989120000004", "first_name": "", "last_name": "", "email": "", "is_staff": false, "is_active": true, "date_joined": "2023-05-21T13:58:42.757Z", "mobile": "989120000004", "groups": [], "user_permissions": []}}, {"model": "user.user", "pk": "5754cf5a-d0b6-4590-92cd-2bab7991e123", "fields": {"password": "pbkdf2_sha256$390000$dZ7nzZOyQPAGAbrmffHklz$mbhC/MGeXQLJ39QZUdzMAPU8Q57+gPM7zeKjr/nmimw=", "last_login": null, "is_superuser": false, "username": "989120000001", "first_name": "", "last_name": "", "email": "", "is_staff": false, "is_active": true, "date_joined": "2023-05-21T13:58:22.719Z", "mobile": "989120000001", "groups": [], "user_permissions": []}}, {"model": "user.user", "pk": "5f5bad61-aaff-42b9-8a80-8968b6a8e4d8", "fields": {"password": "pbkdf2_sha256$390000$jGoK3OeaAbaqPGzhkWfxQB$SXZL05F34VyXKaAr41rx45DjbOp8A11tCNZ4ew/8dMQ=", "last_login": null, "is_superuser": false, "username": "989120000015", "first_name": "", "last_name": "", "email": "", "is_staff": false, "is_active": true, "date_joined": "2023-05-21T14:00:38.965Z", "mobile": "989120000015", "groups": [], "user_permissions": []}}, {"model": "user.user", "pk": "7851de4b-274a-40f4-ac2d-76674c0b567e", "fields": {"password": "pbkdf2_sha256$390000$8JTlfdQEqa0lM7otRNl8wk$BHcfyLr78YIwESW1SibLmgDzRhLkviGCgLVsKLx1o0A=", "last_login": null, "is_superuser": false, "username": "989120000009", "first_name": "", "last_name": "", "email": "", "is_staff": false, "is_active": true, "date_joined": "2023-05-21T13:59:57.159Z", "mobile": "989120000009", "groups": [], "user_permissions": []}}, {"model": "user.user", "pk": "7d688ba7-ef99-4767-a2c1-000fe143fbd6", "fields": {"password": "pbkdf2_sha256$390000$5ULcdYRTNCoyDhAmUru4RV$VAgVflrYbcTZvlg6f/IoC82R7UAP+N6HasHRiG0gGik=", "last_login": null, "is_superuser": false, "username": "989120000008", "first_name": "", "last_name": "", "email": "", "is_staff": false, "is_active": true, "date_joined": "2023-05-21T13:59:51.350Z", "mobile": "989120000008", "groups": [], "user_permissions": []}}, {"model": "user.user", "pk": "81a93ba1-7374-4cb0-b409-33bafa9e85aa", "fields": {"password": "pbkdf2_sha256$390000$ljoVvNKtOCuPgo2RUHVJCW$EGYjGfLTCnBwW9q/TICLb17O+1x/seYaOFv2yTe80DA=", "last_login": null, "is_superuser": false, "username": "989120000007", "first_name": "", "last_name": "", "email": "", "is_staff": false, "is_active": true, "date_joined": "2023-05-21T13:59:45.565Z", "mobile": "989120000007", "groups": [], "user_permissions": []}}, {"model": "user.user", "pk": "91ff30c0-46a8-4b9a-8219-fb1f0c0eafa4", "fields": {"password": "pbkdf2_sha256$390000$wq8fUjKUV6b77rizDKs3sm$iA6zC+mMy3a8nB4tn7NpFnClGNqzSINlf9eRUp5LWA8=", "last_login": null, "is_superuser": false, "username": "989120000003", "first_name": "", "last_name": "", "email": "", "is_staff": false, "is_active": true, "date_joined": "2023-05-21T13:58:36.412Z", "mobile": "989120000003", "groups": [], "user_permissions": []}}, {"model": "user.user", "pk": "9f2837c0-01f9-4480-919d-05e659bdf03a", "fields": {"password": "pbkdf2_sha256$390000$nLcDhZjL2nRlaKK0LmXO5a$BZ76Mwnq8jMHf/g2oWebvf2JlEW+1kfrEcW3TWNKKLw=", "last_login": null, "is_superuser": false, "username": "989120000013", "first_name": "", "last_name": "", "email": "", "is_staff": false, "is_active": true, "date_joined": "2023-05-21T14:00:26.186Z", "mobile": "989120000013", "groups": [], "user_permissions": []}}, {"model": "user.user", "pk": "d3912bc0-7bed-476b-b865-0eebc4f5694b", "fields": {"password": "pbkdf2_sha256$390000$6oqImBFvXPZNKaLEtiwhnt$OKG9af8fc93RK2U7O+0t3PVf2YwuLtVdHDtVvldOR/4=", "last_login": null, "is_superuser": false, "username": "989120000011", "first_name": "", "last_name": "", "email": "", "is_staff": false, "is_active": true, "date_joined": "2023-05-21T14:00:13.797Z", "mobile": "989120000011", "groups": [], "user_permissions": []}}, {"model": "user.user", "pk": "f145da4e-5559-45c3-ac07-05ee7cb36abc", "fields": {"password": "pbkdf2_sha256$390000$Ju3Asz44nbfinNS6xv966b$LmFZtOqUBCZsawZbTYKFLG3j6V/MMvO+HZfuzlYsJIk=", "last_login": null, "is_superuser": false, "username": "989120000012", "first_name": "", "last_name": "", "email": "", "is_staff": false, "is_active": true, "date_joined": "2023-05-21T14:00:19.866Z", "mobile": "989120000012", "groups": [], "user_permissions": []}}, {"model": "user.party", "pk": "1974c379-6623-44b4-aa14-2fc69e435311", "fields": {"user": "29e26575-309d-4fbd-bd5d-6bfdd703cc90", "owner": null, "deleted_date": null}}, {"model": "user.party", "pk": "22506252-c6c3-43cc-9255-8ce15fe8611c", "fields": {"user": "1e04580b-e9f9-4e34-b832-af38bbce595c", "owner": null, "deleted_date": null}}, {"model": "user.party", "pk": "3cf7d374-1876-4d4b-85b2-38a2b04a52e2", "fields": {"user": "f145da4e-5559-45c3-ac07-05ee7cb36abc", "owner": null, "deleted_date": null}}, {"model": "user.party", "pk": "4088d653-065e-4c91-a802-8983824bba77", "fields": {"user": "2b07a9cf-1c1a-4e8d-8c7d-a4107fb81f6e", "owner": null, "deleted_date": null}}, {"model": "user.party", "pk": "451a44ed-2f34-40ac-b808-b5a0f332c7ad", "fields": {"user": "02a5b382-bf1b-43db-bf2b-86e0b4c63d90", "owner": null, "deleted_date": null}}, {"model": "user.party", "pk": "4a5bc226-94e0-4f83-869a-dfc33c9db91e", "fields": {"user": "03d161a8-fd92-4a98-921e-d93a0587d938", "owner": null, "deleted_date": null}}, {"model": "user.party", "pk": "553897eb-cc72-44e5-a352-1c30f081f522", "fields": {"user": "9f2837c0-01f9-4480-919d-05e659bdf03a", "owner": null, "deleted_date": null}}, {"model": "user.party", "pk": "568bf453-8aa1-4651-8eac-a6682b5523ca", "fields": {"user": "5754cf5a-d0b6-4590-92cd-2bab7991e123", "owner": null, "deleted_date": null}}, {"model": "user.party", "pk": "6ea7b612-6889-429d-97a7-43f03c08f4a9", "fields": {"user": "7851de4b-274a-40f4-ac2d-76674c0b567e", "owner": null, "deleted_date": null}}, {"model": "user.party", "pk": "70eece25-bc6f-4ff7-80f3-484b2aed8bce", "fields": {"user": "81a93ba1-7374-4cb0-b409-33bafa9e85aa", "owner": null, "deleted_date": null}}, {"model": "user.party", "pk": "7a5cb7c0-206c-43ec-9cc5-e230330f40d9", "fields": {"user": "343a78c5-8bda-4701-b2b6-e71ba6df7151", "owner": null, "deleted_date": null}}, {"model": "user.party", "pk": "9f469f19-c050-4667-8e2b-63ef00afa137", "fields": {"user": "5f5bad61-aaff-42b9-8a80-8968b6a8e4d8", "owner": null, "deleted_date": null}}, {"model": "user.party", "pk": "d9febdc3-8959-4d91-aa43-c6b84531bf69", "fields": {"user": "91ff30c0-46a8-4b9a-8219-fb1f0c0eafa4", "owner": null, "deleted_date": null}}, {"model": "user.party", "pk": "f21f3062-b2c9-479b-a689-61e5ffad04fd", "fields": {"user": "7d688ba7-ef99-4767-a2c1-000fe143fbd6", "owner": null, "deleted_date": null}}, {"model": "user.party", "pk": "f96010e8-0c46-4bc0-970f-5d4f26ec53af", "fields": {"user": "d3912bc0-7bed-476b-b865-0eebc4f5694b", "owner": null, "deleted_date": null}}, {"model": "user.profile", "pk": "1974c379-6623-44b4-aa14-2fc69e435311", "fields": {"date_birth": null, "avatar": "", "age": 0, "about_me": "", "gender": "m", "marital": "m", "vote_total": 0, "panel": 0, "panel_timeout": null, "active": false, "news": false, "country": null, "is_employer": false, "state": null, "city": null}}, {"model": "user.profile", "pk": "22506252-c6c3-43cc-9255-8ce15fe8611c", "fields": {"date_birth": null, "avatar": "", "age": 0, "about_me": "", "gender": "m", "marital": "m", "vote_total": 0, "panel": 0, "panel_timeout": null, "active": false, "news": false, "country": null, "is_employer": false, "state": null, "city": null}}, {"model": "user.profile", "pk": "3cf7d374-1876-4d4b-85b2-38a2b04a52e2", "fields": {"date_birth": null, "avatar": "", "age": 0, "about_me": "", "gender": "m", "marital": "m", "vote_total": 0, "panel": 0, "panel_timeout": null, "active": false, "news": false, "country": null, "is_employer": false, "state": null, "city": null}}, {"model": "user.profile", "pk": "4088d653-065e-4c91-a802-8983824bba77", "fields": {"date_birth": null, "avatar": "", "age": 0, "about_me": "", "gender": "m", "marital": "m", "vote_total": 0, "panel": 0, "panel_timeout": null, "active": false, "news": false, "country": null, "is_employer": false, "state": null, "city": null}}, {"model": "user.profile", "pk": "451a44ed-2f34-40ac-b808-b5a0f332c7ad", "fields": {"date_birth": null, "avatar": "", "age": 0, "about_me": "", "gender": "m", "marital": "m", "vote_total": 0, "panel": 0, "panel_timeout": null, "active": false, "news": false, "country": null, "is_employer": false, "state": null, "city": null}}, {"model": "user.profile", "pk": "4a5bc226-94e0-4f83-869a-dfc33c9db91e", "fields": {"date_birth": null, "avatar": "", "age": 0, "about_me": "", "gender": "m", "marital": "m", "vote_total": 0, "panel": 0, "panel_timeout": null, "active": false, "news": false, "country": null, "is_employer": false, "state": null, "city": null}}, {"model": "user.profile", "pk": "553897eb-cc72-44e5-a352-1c30f081f522", "fields": {"date_birth": null, "avatar": "", "age": 0, "about_me": "", "gender": "m", "marital": "m", "vote_total": 0, "panel": 0, "panel_timeout": null, "active": false, "news": false, "country": null, "is_employer": false, "state": null, "city": null}}, {"model": "user.profile", "pk": "568bf453-8aa1-4651-8eac-a6682b5523ca", "fields": {"date_birth": null, "avatar": "", "age": 0, "about_me": "", "gender": "m", "marital": "m", "vote_total": 0, "panel": 0, "panel_timeout": null, "active": false, "news": false, "country": null, "is_employer": false, "state": null, "city": null}}, {"model": "user.profile", "pk": "6ea7b612-6889-429d-97a7-43f03c08f4a9", "fields": {"date_birth": null, "avatar": "", "age": 0, "about_me": "", "gender": "m", "marital": "m", "vote_total": 0, "panel": 0, "panel_timeout": null, "active": false, "news": false, "country": null, "is_employer": false, "state": null, "city": null}}, {"model": "user.profile", "pk": "70eece25-bc6f-4ff7-80f3-484b2aed8bce", "fields": {"date_birth": null, "avatar": "", "age": 0, "about_me": "", "gender": "m", "marital": "m", "vote_total": 0, "panel": 0, "panel_timeout": null, "active": false, "news": false, "country": null, "is_employer": false, "state": null, "city": null}}, {"model": "user.profile", "pk": "7a5cb7c0-206c-43ec-9cc5-e230330f40d9", "fields": {"date_birth": null, "avatar": "", "age": 0, "about_me": "", "gender": "m", "marital": "m", "vote_total": 0, "panel": 0, "panel_timeout": null, "active": false, "news": false, "country": null, "is_employer": false, "state": null, "city": null}}, {"model": "user.profile", "pk": "9f469f19-c050-4667-8e2b-63ef00afa137", "fields": {"date_birth": null, "avatar": "", "age": 0, "about_me": "", "gender": "m", "marital": "m", "vote_total": 0, "panel": 0, "panel_timeout": null, "active": false, "news": false, "country": null, "is_employer": false, "state": null, "city": null}}, {"model": "user.profile", "pk": "d9febdc3-8959-4d91-aa43-c6b84531bf69", "fields": {"date_birth": null, "avatar": "", "age": 0, "about_me": "", "gender": "m", "marital": "m", "vote_total": 0, "panel": 0, "panel_timeout": null, "active": false, "news": false, "country": null, "is_employer": false, "state": null, "city": null}}, {"model": "user.profile", "pk": "f21f3062-b2c9-479b-a689-61e5ffad04fd", "fields": {"date_birth": null, "avatar": "", "age": 0, "about_me": "", "gender": "m", "marital": "m", "vote_total": 0, "panel": 0, "panel_timeout": null, "active": false, "news": false, "country": null, "is_employer": false, "state": null, "city": null}}, {"model": "user.profile", "pk": "f96010e8-0c46-4bc0-970f-5d4f26ec53af", "fields": {"date_birth": null, "avatar": "", "age": 0, "about_me": "", "gender": "m", "marital": "m", "vote_total": 0, "panel": 0, "panel_timeout": null, "active": false, "news": false, "country": null, "is_employer": false, "state": null, "city": null}}]